{
  "model_name": "XGBoost",
  "accuracy": 0.9602494154325799,
  "roc_auc": 0.9917434650455926,
  "f1_score": 0.9579554822753503,
  "precision": 0.9880952380952381,
  "recall": 0.9296,
  "num_features": 20
}